vidlink,title,imdb_id
,#Realityhigh (2017),tt6119504
,$5 a Day (2010),tt1024773
,(500) Days of Summer (2009),tt1022603
,Zootopia (2016),tt2948356
,Hush (2016),tt5022702
,Do-Over (2016),tt3856414
,1 Mile to You (2017),tt2182433
,"10 Action Films, Vol. 3",
,10 Cloverfied Lane/Cloverfield:,tt1179933
,10 Years (2012),
,Nightmare Before Christmas (1993,tt0107688
,10 Things I Hate About You (1999,tt0147800
,"10 Things I Hate About You, Vol.",tt0147800
,Princess Bride (1987),
,"10,000 B.C. (2008)",tt0443649
,Babadook (2014),tt2321549
